business_name,country,city,category,website,website_status,website_quality,customer_demand,review_evidence,social_activity,main_opportunity,recommended_website,contact_method,phone,email,instagram,facebook,google_profile,evidence_sources,qualification,confidence,rejection_reason
"Ken Cooks SoulFood Restaurant",USA,"Charlotte, NC","Soul food restaurant",kencookssoulfood.com (expired),"Website appears abandoned (domain expired, listed for sale)",D,Very Strong,"Google ~4.6 from ~836 ratings (via RestaurantGuru); Restaurantji 392 reviews; recent reviews; daily Facebook specials posts","Facebook owner page (kenyotta.perry) posts daily specials/hours; Instagram @ken__cooks; Nextdoor/Reddit word-of-mouth","Rebuild website: menu + online/call-in ordering + catering enquiries (reviews mention cash-only, no call-in orders)","Restaurant ordering + catering website","Phone, Facebook, Instagram, in person",(704) 804-2199,Not verified,@ken__cooks,kenyotta.perry (owner page),Yes,"RestaurantGuru; Restaurantji; EatOkra; Snapchat Places; expired-domain listing; Facebook; DimHour",A,Verified,
"Flower ATL African Braiding Studio",USA,"Atlanta, GA","Hair braiding studio",None found,"No website found",E,Strong,"Booksy 4.6 from 120 reviews; transparent pricing $140-$500","Active TikTok (@floweratlbraiding) with promo specials; client hairstyle videos; Instagram via Booksy","New booking website to replace Booksy dependency: services, pricing, gallery, deposits, policies","Booking website with gallery + deposits","Phone, Booksy, TikTok/Instagram",+1 404-496-1985,Not verified,Exists (handle not verified),Not verified,Yes,"Booksy; TikTok; Wheree directory",A,Verified,
"Moonlight Bakery",USA,"Austin, TX","Bakery (kolaches/pastries)","moonlightbakery.com (inaccessible at research time)","Website inaccessible",D,Strong,"Beloved local bakery; Austin Chronicle + Statesman (UT food guide) coverage; Nextdoor praise incl. June review; Wheree 2026 listing","Not verified (no official accounts confirmed)","Restore/rebuild website: menu, custom-cake enquiries, hours/location, reviews","Bakery website with custom-order enquiries","Phone, in person",(512) 462-1302,Not verified,Not verified,Not verified,Yes,"Austin Chronicle; Austin Statesman; Nextdoor; Wheree; Postcard",A,"Partially Verified",
"Paw Hub Pet Grooming",New Zealand,"Auckland (Grey Lynn)","Dog grooming (all breeds + cats)",pawhub.co.nz,"Website exists (thin Wix homepage; booking via Setmore)",C,Very Strong,"4.8 from 653 reviews (Setmore/Google-sourced); Yelp listing; established 2016","Facebook pawhubgrooming; Instagram @pawhubgrooming; Xiaohongshu (linked on site)","Rebuild/expand site: services + 2026 pricing hub, breed gallery, booking integration, new-client info","Service + booking website","Phone, email, website, Setmore",09 376 5649,bookings@pawhubpetgrooming.com,@pawhubgrooming,pawhubgrooming,Yes,"Official site (fetched); Setmore (653 reviews); Yelp",A,Verified,
"Kaycie Kyle Salon (Brislington)",UK,"Bristol","Nail & beauty salon","kayciekyle.com (down: connection reset); kayciekyle.co.uk (unreachable)","Website appears abandoned",D,Very Strong,"Fresha 4.9 from 987 reviews; reviews as recent as Dec 2025-Feb 2026; salon advises booking 2-3 weeks ahead","Facebook (@KaycieKyleSalon) and Instagram (@kayciekyle.nailsit) listed; Linktree in use","Rebuild website: services/price list, team, gallery, Fresha booking integration, policies","Salon booking website","Phone, Fresha, social",0117 977 0977,kaycie.kyle@gmail.com,@kayciekyle.nailsit,@KaycieKyleSalon,Yes,"Fresha (987 reviews); Bristol high-streets directory; salon aggregator (2025 posts)",A,Verified,
"Remedy Coffee",New Zealand,"Auckland CBD","Cafe / coffee house",None found,"No website found",E,Strong,"Tripadvisor 4.6 from ~376 reviews; Yelp 87 reviews; ranked #17 restaurants Auckland Central","Facebook page (Remedy-Coffee-134703853265719); customer discussion active","New website: menu, location/hours, catering/functions, retail beans; reduce DoorDash dependency","Cafe website with menu + catering enquiries","Phone, Facebook, DoorDash",+64 9-377 1030,Not verified,Not verified,Remedy-Coffee-134703853265719,Yes,"Tripadvisor; Yelp; DoorDash; Auckland Convention Bureau; specialty-coffee guide",A,Verified,
"Nana Morrison's Soul Food",USA,"Charlotte, NC (multi-location)","Soul food restaurant",nanamorrisonssoulfood.com,"Website exists (Clover online ordering)",B,Very Strong,"Yelp 965 reviews 4.0; CharlotteFive Readers Choice Best Soul Food; multi-location (Charlotte, Indian Land, Cary)","Not verified in depth","Multi-location UX, catering flow, local SEO structure, reviews/trust showcase","Multi-location restaurant ordering website","Website, phone, online ordering",+1 704-357-3700,k@nanamorrisonssoulfood.com,Not verified,Not verified,Yes,"Yelp; Charlotte Observer/CharlotteFive; official site; order.online",B,Verified,
"Independent Tire and Auto Repair",USA,"Charlotte, NC","Auto repair / tires",independenttireautoservice.com,"Website exists (generic repair-shop template, phone-only booking)",B,Strong,"Birdeye 216 reviews; Chamber 165 reviews 4.6; in business since 1994","Facebook page exists","Online appointment scheduling, quote/tyre finder, modernised service pages, review showcase","Service + online booking website","Phone, website contact",(704) 398-0271,Not verified,Not verified,Exists (URL not verified),Yes,"Official site; Birdeye; Chamber of Commerce; Yellow Pages",B,Verified,
"Teal House Coffee & Bakery",USA,"Austin, TX (multi-location)","Bakery / coffee",tealhouse.co,"Website exists (SpotHopper template; ordering via Toast)",B,Strong,"Cult following for cinnamon rolls; CultureMap coverage; family-owned (Phillips family); food truck + Congress + Buda locations; Google 5-star reviews quoted on site","Not verified in depth","Direct ordering UX, catering/wholesale enquiry flow, multi-location pages","Bakery-cafe website with catering flow","Website, Toast ordering, phone",(512) 673-8911,Not verified,Not verified,Not verified,Yes,"Official site; Toast ordering; CultureMap Austin; FindMeGlutenFree",B,Verified,
"El Malo Tacos (+ Hermanita bar)",USA,"Charlotte, NC","Taco shop / late-night",elmalotacos.com,"Website exists (Toast-based site + online ordering)",B,Strong,"Yelp 80 reviews 4.4; Axios Charlotte coverage; Queen City Nerve Best Late-Night Menu; owner also runs Taqueria Mal Pan","Not verified in depth","Richer menu/brand experience, events/private-hire enquiries, local SEO beyond Toast template","Restaurant website with events enquiries","Website, Toast ordering",Not verified,Not verified,Not verified,Not verified,Yes,"Axios Charlotte; Yelp; official site; Toast site",B,"Partially Verified",
"Taste Seduction Jamaican Cuisine",Canada,"Toronto, ON","Caribbean restaurant + catering",tasteseduction.ca,"Website exists (WordPress; no direct online ordering)",C,Very Strong,"Google 4.6 from ~471-502 ratings (RestaurantGuru/Wanderlog); reviews Jun 2025; 399 Keele St; Black-owned (ByBlacks); Chef Vernon Young","Not verified in depth","Direct online ordering for pickup/delivery, catering quote system, menu UX","Restaurant ordering + catering website","Phone, website form",(416) 763-8763,Not verified,Not verified,Not verified,Yes,"Official site; RestaurantGuru; Wanderlog; ByBlacks; delivery-app listings",B,Verified,
"Ritz Caribbean Foods (RCF)",Canada,"Toronto, ON","Caribbean restaurant",ritzcaribbeanfoods.com,"Website exists (Square/Weebly with online ordering, gift cards, merch)",B,Moderate,"Google ~3.5 (soft); old Yonge St TripAdvisor listing marked CLOSED (verify current status); review mentions 'other ritz places' (multi-unit?); Square ordering live","Instagram referenced on site","Conversion UX + catering flow IF status/demand re-verified; currently watchlist only","Restaurant ordering website","Website, Square ordering",Not verified,Not verified,Exists (handle not verified),Not verified,Yes,"Official site; mainmenus/Google ~3.5; TripAdvisor (old listing closed)",C,"Partially Verified",
"Simone's Caribbean Restaurant",Canada,"Toronto, ON (Greektown)","Caribbean restaurant",simonescaribbeanrestaurant.shop,"Website exists (thin .shop template; phone-only reservations; ordering via third parties)",C,Strong,"Restaurantji 283 reviews; Tripadvisor 4.3 from 50 reviews; glowing Google reviews (oxtail, jerk chicken, roti)","Not verified","Direct online ordering for pickup/delivery, menu UX, catering/party enquiries","Restaurant ordering website","Phone, website",(416) 792-5252,Not verified,Not verified,Not verified,Yes,"Official .shop site; Restaurantji; Tripadvisor; order.online; menu-world",B,Verified,
"Diamond Beauty",Canada,"Surrey, BC (Cloverdale)","Full-service beauty salon",diamondbeauty.ca,"Website exists (Wix; booking via Fresha link; retail mentioned, weak e-commerce)",B,Very Strong,"Fresha 5.0 from 1869 reviews; team of 10; 2 salon awards; 10 years trading; founder story (Cindy-Lee)","Instagram + YouTube (founder channels); Yelp listing","Unified booking journey, service/price structure, retail e-commerce, party bookings","Salon booking + retail website","Phone, email, Fresha, website",(778) 865-0158,diamondbeauty.ca@gmail.com,Exists (handle not verified),Not verified,Yes,"Official site; Fresha; Yelp; Yellow Pages",B,Verified,
"The Indian Streatery",UK,"Birmingham","Indian street-food restaurant (2 sites + Express)",theindianstreatery.co.uk,"Website exists (Wix; video-heavy; bookings via TheFork widgets; no clear online ordering)",B,Very Strong,"Tripadvisor 1150 reviews 4.6; multi-award-winning; family-run; visited by royalty; 2 locations + Express","Facebook/Twitter/Pinterest links on site","Multi-location site: menus, takeaway/delivery ordering, private-hire/catering enquiries, local SEO","Multi-location restaurant website","Website, TheFork booking",0121 643 0222,Not verified,Not verified,Exists (handle not verified),Yes,"Official site; Tripadvisor; Grapevine Birmingham",B,Verified,
"Pizzaland",UK,"Bristol (Redland)","Neapolitan pizza restaurant",pizzalandbristol.co.uk,"Website exists (thin GoDaddy template; booking via Tebi widget; takeaway flow unclear)",C,Strong,"Restaurant Guru 4.8 from 344 reviews; Instagram 3068 followers/347 posts; family-run (Giuseppe); TripAdvisor praise","Instagram @pizzalandbristol active (book-via-link behaviour)","Menu/takeaway ordering, reservations UX, story/reviews showcase, local SEO","Restaurant website with ordering + reservations","Phone, email, website, Instagram",0117 985 3597,Javaid.jdlimited@outlook.com,@pizzalandbristol,Facebook page exists,Yes,"Official site; Restaurant Guru; Instagram; First Table; Tripadvisor",B,Verified,
"Ice City Desserts",UK,"Bradford","Dessert parlour (waffles/shakes/sundaes)",icecitydesserts.co.uk,"Website exists (basic; Order Online present, flow not fully verified)",C,Strong,"Google 4.6 from 269 reviews (234 five-star); reviews Nov 2025-Jan 2026; Yorkshire Press listing","Not verified","Direct ordering/delivery UX, menu exploration (30+ waffle options), catering/parties, local SEO","Dessert ordering website","Phone, website",01274 660363,Not verified,Not verified,Not verified,Yes,"Official site; Wanderlog/Google reviews; Yorkshire Press; Cylex",B,"Partially Verified",
"Maureen's Caribbean Kitchen",UK,"Leeds (Harehills)","Caribbean takeaway + cafe",maureenskitchen.co.uk,"Website exists (Wix one-pager; ordering only via Uber Eats/Just Eat links)",C,Strong,"Best Caribbean food in Leeds (customer consensus); 30+ years catering; at 105 Roundhay Rd since 2003; women-owned","Facebook/Instagram/Twitter icons on Discover Leeds listing","Direct ordering for collection/delivery, catering quote system (Catering Ltd with no catering flow!)","Takeaway ordering + catering website","Phone, email, website",0113 240 6006,info@maureenscaribbeantakeaway.co.uk,Exists (handle not verified),Exists (handle not verified),Yes,"Official site; Tripadvisor; Discover Leeds; goto-where",B,Verified,
"Village Green Lawn and Pest",USA,"Plano, TX","Lawn care + pest control",villagegreen-inc.com,"Website exists (strong content; FAQ sections contain Lorem ipsum placeholder; quote-form only, no online scheduling)",B,Very Strong,"Family-owned since 1980; hundreds of five-star Google reviews; hiring (growth signal)","Not verified","Finish/replace placeholder content, online scheduling + customer portal, plan comparison UX","Service website with scheduling + portal","Phone, website quote form",(972) 495-6990,Not verified,Not verified,Not verified,Yes,"Official site (incl. Lorem ipsum evidence)",B,Verified,
"Nose2tail Doggy Daycare",New Zealand,"Wellington (Lyall Bay)","Dog daycare + dog bus",nose2tail.co.nz,"Website exists (dated Wix; copyright 2014; typos; no online booking)",C,Strong,"Google 4.8; Facebook 100% recommend (34 reviews); MoneyHub best-daycares listing; near airport; dog bus + recuperation services","Facebook nose2tail.co.nz","Online booking/enrolment + vaccination records, service/pricing structure, mobile UX rebuild","Booking website with enrolment flow","Phone, email, website contact",+64 210 577 968,info@nose2tail.co.nz,Not verified,nose2tail.co.nz,Yes,"Official site; Facebook; MoneyHub; Fetchr",B,Verified,
"West End Groom",New Zealand,"Auckland (Glenfield)","Dog grooming",None found (Setmore booking page only),"No website found",E,Moderate,"Setmore 5.0 from 79 reviews (Google-sourced)","Not verified","New website: services/pricing, gallery, booking integration, new-client info","Service + booking website","Setmore booking page",Not verified,Not verified,Not verified,Not verified,Yes,"Setmore listing with 79 reviews",B,"Partially Verified",
"Manzils",UK,"Birmingham (Digbeth)","Indian/Balti restaurant (since 1966)",manzilsbirmingham.co.uk,"Website exists (basic menu + Order Online)",C,Moderate,"Family-run since 1966; recent reviews mixed (Apr-May 2026 positives AND 'empty on Friday night'/food-quality complaints); Yelp 4.5 (10)","Not verified","Menu/ordering UX and reputation/trust rebuild IF business stabilises","Restaurant ordering website","Phone, website",0121 643 9589,Not verified,Not verified,Not verified,Yes,"Official site; Tripadvisor (mixed 2025-2026); Yelp; Gastroranking",C,"Partially Verified",
"Goat in the Tree",UK,"Glasgow (West End)","Moroccan restaurant (family-run, BYOB)",goatinthetreeglasgow.co.uk,"Website exists (basic; order via Fusion Kitchen)",C,Moderate,"Tripadvisor 4.7 from 39 reviews; Apr 2026 praises authenticity; tiny venue (12-14 seats)","Not verified","Reservations + set-menu/group enquiry UX; small venue limits upside","Restaurant website","Website, phone",Not verified,Not verified,Not verified,Not verified,Yes,"Official site; Tripadvisor",C,"Partially Verified",
"Big Moustache Barbershop",Canada,"Halifax, NS (7 locations)","Barbershop chain (independent, family-style)",thebigmoustachebarbershop.ca,"Website exists (multi-location booking site)",B,Strong,"Fresha Fairview 5.0 from 1488 votes; 10000+ monthly visits claimed; 25+ barbers","Instagram @thebigmoustachebarber; Facebook","Multi-location UX polish, memberships/gift-card e-commerce; large-ish, weaker fit","Multi-location booking website",Website booking,Not verified,Not verified,@thebigmoustachebarber,BigMoustacheBarbershophfx,Yes,"Official site; Fresha",C,"Partially Verified",
"Shawarma's King",Canada,"Ottawa, ON","Shawarma (family-owned)",None found,"No website found",E,Moderate,"Tripadvisor 3.5 (57); Wheree 4.1 (10); family-owned, DoorDash presence","Not verified","New website with menu + direct ordering IF demand evidence strengthens","Restaurant ordering website","Phone, DoorDash",+1 613-233-1282,Not verified,Not verified,Not verified,Yes,"Tripadvisor; Wheree",C,"Partially Verified",
"Nubreed (Brandon, mobile groomer)",New Zealand,"Auckland (mobile)","Mobile dog grooming (nails/teeth/ears)",nubreed.co.nz,"Website exists (WordPress; contact-form booking; duplicated content blocks)",C,Moderate,"Operating since 2019; strong on-site testimonials; repeat bookings mentioned; Google review count not verified","Not verified","Online scheduling, service-area/pricing clarity; solo operator limits project size","Booking website","Website contact form",Not verified,Not verified,Not verified,Not verified,Yes,"Official site",C,"Partially Verified",
"Just Cakes",New Zealand,"Auckland","Custom cakes",justcakes.nz,"Website exists (request-an-order flow; testimonials)",B,Moderate,"Custom/eggless/GF specialism; strong customer testimonials on site; independent review volume not verified","Not verified","Design-order wizard, flavour/pricing guide, delivery UX","Custom-order website","Website order form",Not verified,Not verified,Not verified,Not verified,Yes,"Official site",C,"Partially Verified",
"Lyfted Auto Detailing",Canada,"Calgary, AB","Mobile detailing",lyftedautodetailing.ca,"Website exists (online booking wizard; pricing page)",B,Moderate,"Google 4.9 from 45+ reviews; mobile service; hotmail contact suggests small operation","Not verified","Booking/quote UX polish, gallery, review showcase","Booking website","Phone, email, website",+1 (403) 542-0825,lyftedautodetailing@hotmail.com,Not verified,Not verified,Yes,"Official site",C,"Partially Verified",
"The Hometown Chef Catering Co.",USA,"Houston, TX","Catering (corporate/weddings)",thehometownchef.com,"Website exists (professional; chef-led story)",B,Moderate,"Google 4.6 from ~91-102 reviews; repeat corporate clients; event planner referrals","Not verified","Catering quote/tasting-request flow, menu builder; site already strong","Catering website","Website, phone",Not verified,Not verified,Not verified,Not verified,Yes,"Official site",C,"Partially Verified",
"Arzadon Fitness",Canada,"Toronto, ON","Personal training studio",arzadonfitness.com,"Website exists (professional lead-gen; transformation content; pricing from $96/wk)",A,Strong,"78 reviews 5.0 (aggregator); downtown studio; 5 staff; YouTube channel","YouTube @arzadonfitness4832",None significant,None,Website booking,(416) 277-1071,Not verified,Not verified,Not verified,Yes,"Official site; review aggregators; RocketReach",Rejected,Verified,"Excellent existing website",
"Chubby's Jamaican Kitchen",Canada,"Toronto, ON","Jamaican restaurant",chubbysjamaican.com,"Website exists (online ordering, reservations, catering, gift cards)",A,Strong,"Yelp 499 reviews; Tripadvisor 144 reviews 4.4; OpenTable reservations",Not verified,None significant,None,Website ordering,(416) 792-8105,Not verified,Not verified,Not verified,Yes,"Official site; Yelp; Tripadvisor; OpenTable",Rejected,Verified,"Excellent existing website",
"Purple Fig Cleaning",USA,"Austin, TX","Eco cleaning company",purplefigcleaning.com,"Website exists (modern; instant quote; awards; service structure)",A,Strong,"Best of Austin winner (multiple years); Yelp 125 reviews 4.6",X @thepurplefig (active 2024-2025),None significant,None,Website quote,(512) 351-1405,email@example.com,Not verified,Not verified,Yes,"Official site; Yelp; X",Rejected,Verified,"Excellent existing website",
"First Class Carpet Cleaning",Canada,"Vancouver, BC","Carpet cleaning",carpetcleanersvancouver.com,"Website exists (modern; packages; quote forms; suburb SEO pages)",A,Strong,"Google 5.0 from 192+ reviews; IICRC Master Textile Cleaner; since 1997",Not verified,None significant,None,Phone/quote form,(604) 839-9008,Not verified,Not verified,Not verified,Yes,"Official site",Rejected,Verified,"Excellent existing website",
"From Sugar (Stella)",New Zealand,"Auckland","Custom cakes",fromsugar.co.nz,"Website exists (easy online ordering; praised in reviews)",A,Strong,"Reddit + Wanderlog praise; 'website was so easy to use and order from'",Instagram/TikTok/Facebook linked,None significant,None,Website ordering,Not verified,Not verified,Exists,Exists,Yes,"Official site; Reddit r/aucklandeats; Wanderlog",Rejected,Verified,"Excellent existing website",
"Cakery NZ",New Zealand,"Auckland (3 locations)","Cakes/cupcakes/brownies",cakery.co.nz,"Website exists (online ordering; pickup + NZ shipping)",A,Strong,"3 Auckland locations; delivery network",Facebook/Instagram,None significant,None,Website ordering,Not verified,Not verified,@thecakerynz,Facebook exists,Yes,"Official site",Rejected,Verified,"Excellent existing website",
"Swept Up Cleaning Co.",USA,"Austin, TX","House cleaning",sweptupcleaningco.com,"Website exists (instant quote; 800+ Google 5-star)",A,Very Strong,"800+ Google 5-star reviews",Not verified,None significant,None,Website quote,Not verified,Not verified,Not verified,Not verified,Yes,"Official site",Rejected,Verified,"Excellent existing website",
"Heavenly Desserts (Bradford)",UK,"Bradford","Dessert parlour",Not verified,Not verified,Not verified,Moderate,"National franchise unit (1306 Leeds Road)",Not verified,None (franchise),None,Not verified,Not verified,Not verified,Not verified,Not verified,Not verified,"Yorkshire Press",Rejected,"Partially Verified","Large chain/franchise",
"Habit Health Majestic",New Zealand,"Wellington","Physio/rehab clinic",habit.health,"Website exists (corporate)",A,Strong,"Large NZ healthcare group; Willis St clinic",Not verified,None (enterprise),None,"Phone, email",+64-4-499-9940,majestic@habit.health,Not verified,Not verified,Yes,"Official site",Rejected,Verified,"Large chain/enterprise",
"TruGreen Lawn Care (Plano)",USA,"Plano, TX","Lawn care (national chain)",Not verified,Not verified,Not verified,Weak,"Yelp 1.4 from 120 reviews",Not verified,None (chain + poor fit),None,Not verified,Not verified,Not verified,Not verified,Not verified,Not verified,Yelp,Rejected,"Partially Verified","Large chain + poor commercial fit",
"Corporate Caterers (South Houston)",USA,"Houston, TX","Catering (franchise)",corporatecaterers.com,"Website exists (franchise system)",B,Strong,"Franchise location reviews",Not verified,None (franchise),None,Website ordering,Not verified,Not verified,Not verified,Not verified,Yes,"Official site",Rejected,Verified,"Franchise system",
"K9 Resorts (Wellington listing)",USA,"Wellington (US search noise)","Pet boarding (franchise)",k9resorts.com,"Website exists (franchise)",A,Strong,"US franchise network",Instagram,None (franchise + wrong market),None,Not verified,Not verified,Not verified,Exists,Not verified,Not verified,"Official site",Rejected,Verified,"Franchise + outside target scope",
"Pho Thai Hoa",Canada,"Vancouver, BC","Vietnamese restaurant",None,Closed,Unknown,Weak,"Tripadvisor-marked CLOSED",Not verified,None,None,Not verified,Not verified,Not verified,Not verified,Not verified,Not verified,Tripadvisor,Rejected,Verified,Closed business,
"Long & McQuade (Calgary lessons)",Canada,"Calgary, AB","Music retail + lessons",Not verified,Not verified,Not verified,Moderate,"National music retail chain; Yelp 42 reviews 4.3",Not verified,None (chain),None,Not verified,Not verified,Not verified,Not verified,Not verified,Not verified,Yelp,Rejected,"Partially Verified","Large chain",
"The Art of Cake",Canada,"Edmonton, AB","Custom/wedding cakes + cafe",theartofcake.ca,"Website exists (Wix; online orders + consultation booking pages)",B,Strong,"Family-owned 30+ years (chefs Gloria Bednarz + Guenter Hess); best-in-Edmonton 2026 listing; fully booked up to a month; $100 wedding deposits; cafe + high tea","Not verified in depth","Wedding/custom-cake funnel polish (consultation-to-deposit UX), gallery, flavour/pricing guide, local SEO","Custom-order + consultation website","Phone, email, website",(780) 441-1339,cakesnglory007@gmail.com,Not verified,Not verified,Yes,"Official site (fetched); BestInEdmonton 2026; TheEdmontonite",B,"Partially Verified",
"Stayclean Window Cleaning",UK,"Bristol","Window + gutter cleaning",stayclean.co.uk,"Website exists (modern WordPress: services, quote, WhatsApp, reviews, advice centre, coverage guide)",A,Strong,"Family-run since 1997; Bristol team + fleet; Google reviews incl. recent (2 months ago); commercial + domestic rounds","Facebook staycleanwindowcleaning",None significant,None,"Phone, WhatsApp, website",0800 8560 120 / 07462 944 885,hello@stayclean.co.uk,Not verified,staycleanwindowcleaning,Yes,"Official site (fetched); Facebook; Bark; Cylex",Rejected,Verified,"Excellent existing website",
"Joyful Restaurant",New Zealand,"Christchurch (Riccarton)","Cantonese restaurant",joyfulrestaurant.net.nz,"Website exists (modern custom site: bilingual menu, hours, live Google-reviews feed)",A,Very Strong,"Family-run 30+ years; Google 1200+ reviews 4.3; reviews 'a week ago'; 'best dumplings in Christchurch' consensus; busy dinner trade",Not verified,None significant,None,"Phone, website",+64 3 341 6883,Not verified,Not verified,Not verified,Yes,"Official site (fetched); Wanderlog; TripAdvisor; Yelp; Mindtrip",Rejected,Verified,"Excellent existing website",
"Osborne Auto Centre",Canada,"Winnipeg, MB","Auto repair (family garage, est. 1998)",osborneautocentre.com (inaccessible),"Website inaccessible (http + https failed at research time)",D,Strong,"100+ Google reviews at 4.5+ (Good Standing via autotechiq); Wheree 8.6 Excellent; Reddit recommendations; day + night crews","Facebook (88% recommend, 13 reviews, 'Online booking' note, winter booking posts); Instagram @osborneautocentre (21 posts)","Rebuild website: services, online appointment requests,hours/location, review showcase, maintenance reminders","Service + booking website","Phone, Facebook, Instagram",+1 204-284-3384,Not verified,@osborneautocentre,Osborne-Auto-Centre-100063850508643,Yes,"Direct site checks (down); autotechiq; Wheree; Facebook; Instagram; Reddit r/Winnipeg",A,Verified,
"Nail Care",USA,"Plano, TX","Nail salon (health-focused, no acrylics)",nailcareplanotx.com,"Website exists (Wix one-pager; phone-only booking, no online scheduling)",C,Strong,"Yelp 365 reviews 4.6 (566 photos); recognised on Google + Yelp per site; family-owned; specialised medical-adjacent services (ingrown/fungal/thick nails)","Instagram @nailcareplanotx; Facebook; Yelp","Online booking + service/price hub: medical-adjacent nail care needs education + frictionless scheduling","Salon booking website","Phone, website, Instagram",(972) 612-0300,Not verified,@nailcareplanotx,Exists (handle not verified),Yes,"Official site (fetched); Yelp (365 reviews)",B,Verified,
"Sakushi",UK,"Sheffield","Japanese restaurant (conveyor-belt sushi + takeaway)",sakushi.co.uk,"Website exists (custom site with booking + ordering pages BUT many broken images, repetitive template text, typo URLs)",C,Strong,"First rotary-sushi restaurant in Sheffield; city-centre site (27 Campo Ln); 2025 TripAdvisor family reviews; delivery 12-10 daily; award claims on site (unverified)","Not verified in depth","Rebuild/fix site: repair broken booking flow (reviewer: 'online booking didn't work'), menu + takeaway ordering UX, image assets, local SEO","Restaurant website with ordering + reservations","Phone, email, website",+44 114 273 7399,info@sakushi.co.uk,Not verified,Not verified,Yes,"Official site (fetched, broken assets observed); TripAdvisor; Mindtrip; Travelregrets",B,"Partially Verified",
"KMC Automotive",Canada,"Winnipeg, MB","Auto repair (family-run)",None found,"No website found",E,Moderate,"Reddit r/Winnipeg praise ('busy, family run', 'will not complete work you don't need'); owners Cliff and Faith named by customers; Yellow Pages listing; Google count unverified","Not verified","New website IF demand re-verified: services, quote/appointment requests, trust story","Service website","Phone",(204) 269-1839,Not verified,Not verified,Not verified,Yes,"Reddit; Yellow Pages; canadaverified; datagemba",C,"Partially Verified",
"Beaver Maids",Canada,"Ottawa, ON","House cleaning",beavermaids.com,"Website exists (modern: online booking, gift cards, transparent pricing, press features)",A,Strong,"Best-rated positioning; BestInOttawa listing; eco/Green Seal; locally owned",Not verified,None significant,None,Website booking,Not verified,info@beavermaids.com (per directory),Not verified,Not verified,Yes,"Official site (fetched); BestInOttawa",Rejected,Verified,"Excellent existing website",
"Plumbfast",New Zealand,"Christchurch","Plumbing + gas + renovations",plumbfast.co.nz,"Website exists (modern: services, quotes, offers, live 313-review feed)",A,Strong,"Google 4.9 from 313 reviews; since 2005; founder Glen Fifield 47 years trade; 24/7 emergency",Not verified,None significant,None,"Phone, website quote",03 242 1510,Not verified,Not verified,Not verified,Yes,"Official site (fetched)",Rejected,Verified,"Excellent existing website",
